Country,Year,"Total_YearsSchool â€“ Lee-Lee (2016)"
Afghanistan,1870,0.01
Afghanistan,1875,0.01
Afghanistan,1880,0.01
Afghanistan,1885,0.01
Afghanistan,1890,0.01
Afghanistan,1895,0.01
Afghanistan,1900,0.01
Afghanistan,1905,0.01
Afghanistan,1910,0.01
Afghanistan,1915,0.02
Afghanistan,1920,0.03
Afghanistan,1925,0.04
Afghanistan,1930,0.04
Afghanistan,1935,0.05
Afghanistan,1940,0.2
Afghanistan,1945,0.22
Afghanistan,1950,0.26
Afghanistan,1955,0.3
Afghanistan,1960,0.38
Afghanistan,1965,0.43
Afghanistan,1970,0.72
Afghanistan,1975,0.96
Afghanistan,1980,1.29
Afghanistan,1985,1.73
Afghanistan,1990,2.06
Afghanistan,1995,2.4
Afghanistan,2000,3.03
Afghanistan,2005,3.32
Afghanistan,2010,3.93
Albania,1870,0.02
Albania,1875,0.03
Albania,1880,0.03
Albania,1885,0.04
Albania,1890,0.05
Albania,1895,0.06
Albania,1900,0.08
Albania,1905,0.1
Albania,1910,0.15
Albania,1915,0.24
Albania,1920,0.36
Albania,1925,0.51
Albania,1930,0.67
Albania,1935,0.84
Albania,1940,1.08
Albania,1945,1.8
Albania,1950,2.75
Albania,1955,2.93
Albania,1960,3.23
Albania,1965,3.63
Albania,1970,4.63
Albania,1975,5.77
Albania,1980,6.95
Albania,1985,7.93
Albania,1990,8.61
Albania,1995,8.54
Albania,2000,9.93
Albania,2005,10.24
Albania,2010,10.44
Algeria,1870,0.1
Algeria,1875,0.13
Algeria,1880,0.16
Algeria,1885,0.2
Algeria,1890,0.23
Algeria,1895,0.27
Algeria,1900,0.39
Algeria,1905,0.51
Algeria,1910,0.6
Algeria,1915,0.58
Algeria,1920,0.65
Algeria,1925,0.71
Algeria,1930,0.74
Algeria,1935,0.78
Algeria,1940,0.8
Algeria,1945,0.82
Algeria,1950,0.83
Algeria,1955,0.82
Algeria,1960,0.9
Algeria,1965,1.15
Algeria,1970,1.69
Algeria,1975,2.26
Algeria,1980,3
Algeria,1985,4.28
Algeria,1990,5.05
Algeria,1995,5.76
Algeria,2000,6.06
Algeria,2005,6.43
Algeria,2010,7
Argentina,1870,0.39
Argentina,1875,0.49
Argentina,1880,0.59
Argentina,1885,0.65
Argentina,1890,0.7
Argentina,1895,0.83
Argentina,1900,0.97
Argentina,1905,1.45
Argentina,1910,1.81
Argentina,1915,2.35
Argentina,1920,2.94
Argentina,1925,3.29
Argentina,1930,3.72
Argentina,1935,4.04
Argentina,1940,4.33
Argentina,1945,4.65
Argentina,1950,4.91
Argentina,1955,5.24
Argentina,1960,5.69
Argentina,1965,6.03
Argentina,1970,6.48
Argentina,1975,7.03
Argentina,1980,7.51
Argentina,1985,8.09
Argentina,1990,8.67
Argentina,1995,8.91
Argentina,2000,9.08
Argentina,2005,9.57
Argentina,2010,9.71
Australia,1870,1.74
Australia,1875,1.91
Australia,1880,2.06
Australia,1885,2.39
Australia,1890,2.74
Australia,1895,2.97
Australia,1900,3.09
Australia,1905,3.36
Australia,1910,3.87
Australia,1915,4.29
Australia,1920,4.71
Australia,1925,5.46
Australia,1930,6.01
Australia,1935,6.56
Australia,1940,7.02
Australia,1945,7.48
Australia,1950,8.21
Australia,1955,8.49
Australia,1960,8.78
Australia,1965,9.19
Australia,1970,10.11
Australia,1975,10.8
Australia,1980,11.4
Australia,1985,11.43
Australia,1990,11.44
Australia,1995,11.51
Australia,2000,11.37
Australia,2005,11.71
Australia,2010,11.69
Austria,1870,2.16
Austria,1875,2.31
Austria,1880,2.5
Austria,1885,2.74
Austria,1890,3.04
Austria,1895,3.36
Austria,1900,3.7
Austria,1905,4.03
Austria,1910,4.38
Austria,1915,4.71
Austria,1920,5.03
Austria,1925,5.47
Austria,1930,5.86
Austria,1935,6.25
Austria,1940,6.16
Austria,1945,5.96
Austria,1950,5.89
Austria,1955,5.64
Austria,1960,5.67
Austria,1965,6.54
Austria,1970,7.26
Austria,1975,7.44
Austria,1980,7.6
Austria,1985,7.84
Austria,1990,8.26
Austria,1995,8.93
Austria,2000,9.43
Austria,2005,9.89
Austria,2010,10.13
Bangladesh,1870,0.01
Bangladesh,1875,0.02
Bangladesh,1880,0.02
Bangladesh,1885,0.03
Bangladesh,1890,0.03
Bangladesh,1895,0.04
Bangladesh,1900,0.06
Bangladesh,1905,0.2
Bangladesh,1910,0.33
Bangladesh,1915,0.44
Bangladesh,1920,0.42
Bangladesh,1925,0.5
Bangladesh,1930,0.58
Bangladesh,1935,0.65
Bangladesh,1940,0.75
Bangladesh,1945,0.85
Bangladesh,1950,0.93
Bangladesh,1955,0.95
Bangladesh,1960,1.03
Bangladesh,1965,1.27
Bangladesh,1970,1.41
Bangladesh,1975,1.63
Bangladesh,1980,2.31
Bangladesh,1985,2.87
Bangladesh,1990,3.15
Bangladesh,1995,3.72
Bangladesh,2000,4.77
Bangladesh,2005,5.51
Bangladesh,2010,6.22
Barbados,1870,0.93
Barbados,1875,1.06
Barbados,1880,1.21
Barbados,1885,1.28
Barbados,1890,1.37
Barbados,1895,1.41
Barbados,1900,1.52
Barbados,1905,1.97
Barbados,1910,1.95
Barbados,1915,2.28
Barbados,1920,2.7
Barbados,1925,2.96
Barbados,1930,3.19
Barbados,1935,3.53
Barbados,1940,3.91
Barbados,1945,4.33
Barbados,1950,4.68
Barbados,1955,4.85
Barbados,1960,5.08
Barbados,1965,6.79
Barbados,1970,8.59
Barbados,1975,7.95
Barbados,1980,7.72
Barbados,1985,8.42
Barbados,1990,8.79
Barbados,1995,9.07
Barbados,2000,9.23
Barbados,2005,9.41
Barbados,2010,9.57
Belgium,1870,2.42
Belgium,1875,2.38
Belgium,1880,2.55
Belgium,1885,2.65
Belgium,1890,2.63
Belgium,1895,2.65
Belgium,1900,2.66
Belgium,1905,2.77
Belgium,1910,3.09
Belgium,1915,3.26
Belgium,1920,3.48
Belgium,1925,3.75
Belgium,1930,4.27
Belgium,1935,4.65
Belgium,1940,5.17
Belgium,1945,5.93
Belgium,1950,6.85
Belgium,1955,7.17
Belgium,1960,7.4
Belgium,1965,7.56
Belgium,1970,7.98
Belgium,1975,8.39
Belgium,1980,8.93
Belgium,1985,9.41
Belgium,1990,10
Belgium,1995,10.64
Belgium,2000,10.95
Belgium,2005,11.11
Belgium,2010,11.29
Belize,1870,0.4
Belize,1875,0.49
Belize,1880,0.61
Belize,1885,0.76
Belize,1890,0.94
Belize,1895,1.14
Belize,1900,1.36
Belize,1905,1.98
Belize,1910,2.56
Belize,1915,3.06
Belize,1920,3.74
Belize,1925,4.11
Belize,1930,4.53
Belize,1935,4.91
Belize,1940,5.3
Belize,1945,5.65
Belize,1950,5.76
Belize,1955,5.91
Belize,1960,6.19
Belize,1965,6.19
Belize,1970,6.06
Belize,1975,6.29
Belize,1980,6.16
Belize,1985,6.4
Belize,1990,7.15
Belize,1995,7.72
Belize,2000,8.19
Belize,2005,8.75
Belize,2010,9.63
Benin,1870,0.01
Benin,1875,0.01
Benin,1880,0.01
Benin,1885,0.01
Benin,1890,0.01
Benin,1895,0.01
Benin,1900,0.02
Benin,1905,0.02
Benin,1910,0.02
Benin,1915,0.03
Benin,1920,0.04
Benin,1925,0.12
Benin,1930,0.2
Benin,1935,0.27
Benin,1940,0.41
Benin,1945,0.48
Benin,1950,0.52
Benin,1955,0.61
Benin,1960,0.7
Benin,1965,0.79
Benin,1970,0.87
Benin,1975,0.96
Benin,1980,1.26
Benin,1985,1.77
Benin,1990,2.24
Benin,1995,2.73
Benin,2000,3.31
Benin,2005,3.85
Benin,2010,4.57
Bolivia,1870,0.06
Bolivia,1875,0.08
Bolivia,1880,0.1
Bolivia,1885,0.12
Bolivia,1890,0.15
Bolivia,1895,0.19
Bolivia,1900,0.24
Bolivia,1905,0.29
Bolivia,1910,0.37
Bolivia,1915,0.47
Bolivia,1920,0.68
Bolivia,1925,0.86
Bolivia,1930,1.01
Bolivia,1935,1.71
Bolivia,1940,1.91
Bolivia,1945,2.11
Bolivia,1950,2.44
Bolivia,1955,2.8
Bolivia,1960,3.15
Bolivia,1965,3.7
Bolivia,1970,4.14
Bolivia,1975,4.8
Bolivia,1980,5.76
Bolivia,1985,6.7
Bolivia,1990,7.63
Bolivia,1995,8.09
Bolivia,2000,8.73
Bolivia,2005,8.77
Bolivia,2010,8.57
Brazil,1870,0.14
Brazil,1875,0.18
Brazil,1880,0.22
Brazil,1885,0.26
Brazil,1890,0.3
Brazil,1895,0.33
Brazil,1900,0.56
Brazil,1905,0.7
Brazil,1910,0.81
Brazil,1915,0.94
Brazil,1920,1.07
Brazil,1925,1.18
Brazil,1930,1.35
Brazil,1935,1.51
Brazil,1940,1.66
Brazil,1945,1.8
Brazil,1950,2.11
Brazil,1955,2.3
Brazil,1960,2.53
Brazil,1965,2.82
Brazil,1970,3.28
Brazil,1975,2.87
Brazil,1980,3.05
Brazil,1985,4.12
Brazil,1990,4.94
Brazil,1995,5.79
Brazil,2000,6.76
Brazil,2005,7.67
Brazil,2010,8.17
Bulgaria,1870,0.91
Bulgaria,1875,0.95
Bulgaria,1880,0.99
Bulgaria,1885,1.05
Bulgaria,1890,1.12
Bulgaria,1895,1.31
Bulgaria,1900,1.54
Bulgaria,1905,1.68
Bulgaria,1910,2.05
Bulgaria,1915,3.02
Bulgaria,1920,3.35
Bulgaria,1925,3.51
Bulgaria,1930,3.52
Bulgaria,1935,3.54
Bulgaria,1940,3.78
Bulgaria,1945,3.89
Bulgaria,1950,3.97
Bulgaria,1955,4.82
Bulgaria,1960,5.24
Bulgaria,1965,4.71
Bulgaria,1970,6.54
Bulgaria,1975,7.41
Bulgaria,1980,8.15
Bulgaria,1985,8.76
Bulgaria,1990,8.68
Bulgaria,1995,9.31
Bulgaria,2000,9.65
Bulgaria,2005,10.61
Bulgaria,2010,11.07
Cambodia,1870,0.01
Cambodia,1875,0.01
Cambodia,1880,0.01
Cambodia,1885,0.01
Cambodia,1890,0.01
Cambodia,1895,0.01
Cambodia,1900,0.01
Cambodia,1905,0.01
Cambodia,1910,0.01
Cambodia,1915,0.01
Cambodia,1920,0.02
Cambodia,1925,0.02
Cambodia,1930,0.03
Cambodia,1935,0.04
Cambodia,1940,0.07
Cambodia,1945,0.29
Cambodia,1950,0.44
Cambodia,1955,0.67
Cambodia,1960,1.23
Cambodia,1965,1.53
Cambodia,1970,1.91
Cambodia,1975,2.31
Cambodia,1980,2.66
Cambodia,1985,2.89
Cambodia,1990,3.2
Cambodia,1995,3.41
Cambodia,2000,3.64
Cambodia,2005,4.26
Cambodia,2010,4.94
Cameroon,1870,0.01
Cameroon,1875,0.01
Cameroon,1880,0.01
Cameroon,1885,0.02
Cameroon,1890,0.02
Cameroon,1895,0.03
Cameroon,1900,0.05
Cameroon,1905,0.06
Cameroon,1910,0.07
Cameroon,1915,0.08
Cameroon,1920,0.11
Cameroon,1925,0.16
Cameroon,1930,0.2
Cameroon,1935,0.29
Cameroon,1940,0.37
Cameroon,1945,0.46
Cameroon,1950,0.72
Cameroon,1955,0.92
Cameroon,1960,1.12
Cameroon,1965,1.51
Cameroon,1970,1.92
Cameroon,1975,2.58
Cameroon,1980,3.25
Cameroon,1985,3.94
Cameroon,1990,4.65
Cameroon,1995,5.3
Cameroon,2000,5.76
Cameroon,2005,6.06
Cameroon,2010,6.41
Canada,1870,2.72
Canada,1875,2.85
Canada,1880,2.99
Canada,1885,3.1
Canada,1890,3.18
Canada,1895,3.35
Canada,1900,3.99
Canada,1905,4.34
Canada,1910,4.83
Canada,1915,5.18
Canada,1920,5.54
Canada,1925,5.92
Canada,1930,6.35
Canada,1935,6.85
Canada,1940,7.14
Canada,1945,7.46
Canada,1950,7.76
Canada,1955,8.11
Canada,1960,8.55
Canada,1965,8.85
Canada,1970,9.47
Canada,1975,10.02
Canada,1980,10.49
Canada,1985,10.29
Canada,1990,10.71
Canada,1995,11.11
Canada,2000,11.39
Canada,2005,12.49
Canada,2010,12.74
Chile,1870,0.43
Chile,1875,0.51
Chile,1880,0.58
Chile,1885,0.64
Chile,1890,0.69
Chile,1895,0.75
Chile,1900,1.58
Chile,1905,1.85
Chile,1910,2.39
Chile,1915,2.92
Chile,1920,3.43
Chile,1925,3.86
Chile,1930,4.08
Chile,1935,4.31
Chile,1940,4.59
Chile,1945,4.76
Chile,1950,4.91
Chile,1955,5.04
Chile,1960,5.23
Chile,1965,5.71
Chile,1970,6.18
Chile,1975,6.7
Chile,1980,7.13
Chile,1985,7.85
Chile,1990,8.58
Chile,1995,8.92
Chile,2000,9.41
Chile,2005,9.96
Chile,2010,10.35
China,1870,0.01
China,1875,0.01
China,1880,0.01
China,1885,0.01
China,1890,0.01
China,1895,0.01
China,1900,0.02
China,1905,0.02
China,1910,0.04
China,1915,0.06
China,1920,0.08
China,1925,0.16
China,1930,0.26
China,1935,0.36
China,1940,1.39
China,1945,1.53
China,1950,1.79
China,1955,2.18
China,1960,2.8
China,1965,3.4
China,1970,4.16
China,1975,4.83
China,1980,5.74
China,1985,6.16
China,1990,6.45
China,1995,7.17
China,2000,7.79
China,2005,8.02
China,2010,8.25
Colombia,1870,0.32
Colombia,1875,0.37
Colombia,1880,0.42
Colombia,1885,0.48
Colombia,1890,0.51
Colombia,1895,0.52
Colombia,1900,0.85
Colombia,1905,1
Colombia,1910,1.44
Colombia,1915,1.62
Colombia,1920,1.79
Colombia,1925,2.01
Colombia,1930,2.17
Colombia,1935,2.32
Colombia,1940,2.4
Colombia,1945,2.53
Colombia,1950,2.38
Colombia,1955,2.73
Colombia,1960,3.1
Colombia,1965,3.47
Colombia,1970,3.98
Colombia,1975,4.43
Colombia,1980,4.99
Colombia,1985,5.63
Colombia,1990,6.16
Colombia,1995,6.68
Colombia,2000,7.12
Colombia,2005,7.56
Colombia,2010,9.35
"Costa Rica",1870,0.32
"Costa Rica",1875,0.4
"Costa Rica",1880,0.48
"Costa Rica",1885,0.59
"Costa Rica",1890,0.72
"Costa Rica",1895,0.87
"Costa Rica",1900,1.56
"Costa Rica",1905,1.89
"Costa Rica",1910,2.21
"Costa Rica",1915,2.45
"Costa Rica",1920,2.71
"Costa Rica",1925,2.99
"Costa Rica",1930,3.13
"Costa Rica",1935,3.28
"Costa Rica",1940,3.43
"Costa Rica",1945,3.62
"Costa Rica",1950,3.6
"Costa Rica",1955,3.82
"Costa Rica",1960,3.96
"Costa Rica",1965,4.22
"Costa Rica",1970,4.03
"Costa Rica",1975,5.3
"Costa Rica",1980,6.26
"Costa Rica",1985,6.88
"Costa Rica",1990,7.28
"Costa Rica",1995,7.61
"Costa Rica",2000,7.96
"Costa Rica",2005,8.52
"Costa Rica",2010,8.43
"Cote d'Ivoire",1870,0.01
"Cote d'Ivoire",1875,0.01
"Cote d'Ivoire",1880,0.01
"Cote d'Ivoire",1885,0.01
"Cote d'Ivoire",1890,0.01
"Cote d'Ivoire",1895,0.02
"Cote d'Ivoire",1900,0.02
"Cote d'Ivoire",1905,0.02
"Cote d'Ivoire",1910,0.08
"Cote d'Ivoire",1915,0.14
"Cote d'Ivoire",1920,0.19
"Cote d'Ivoire",1925,0.25
"Cote d'Ivoire",1930,0.31
"Cote d'Ivoire",1935,0.32
"Cote d'Ivoire",1940,0.35
"Cote d'Ivoire",1945,0.39
"Cote d'Ivoire",1950,0.86
"Cote d'Ivoire",1955,0.91
"Cote d'Ivoire",1960,0.99
"Cote d'Ivoire",1965,1.09
"Cote d'Ivoire",1970,1.33
"Cote d'Ivoire",1975,1.76
"Cote d'Ivoire",1980,2.13
"Cote d'Ivoire",1985,2.46
"Cote d'Ivoire",1990,2.79
"Cote d'Ivoire",1995,3.46
"Cote d'Ivoire",2000,4.06
"Cote d'Ivoire",2005,4.52
"Cote d'Ivoire",2010,4.93
Cuba,1870,0.12
Cuba,1875,0.16
Cuba,1880,0.2
Cuba,1885,0.25
Cuba,1890,0.33
Cuba,1895,0.44
Cuba,1900,0.82
Cuba,1905,1.32
Cuba,1910,1.58
Cuba,1915,2.03
Cuba,1920,2.28
Cuba,1925,2.61
Cuba,1930,2.96
Cuba,1935,3.16
Cuba,1940,3.31
Cuba,1945,3.42
Cuba,1950,3.58
Cuba,1955,3.66
Cuba,1960,4.08
Cuba,1965,4.55
Cuba,1970,5.41
Cuba,1975,6.48
Cuba,1980,7.82
Cuba,1985,8.64
Cuba,1990,9.21
Cuba,1995,9.58
Cuba,2000,9.88
Cuba,2005,10.36
Cuba,2010,11.06
Cyprus,1870,0.29
Cyprus,1875,0.35
Cyprus,1880,0.42
Cyprus,1885,0.51
Cyprus,1890,0.61
Cyprus,1895,0.78
Cyprus,1900,0.97
Cyprus,1905,1.11
Cyprus,1910,1.3
Cyprus,1915,1.65
Cyprus,1920,1.97
Cyprus,1925,2.25
Cyprus,1930,2.52
Cyprus,1935,2.72
Cyprus,1940,2.84
Cyprus,1945,3.08
Cyprus,1950,3.8
Cyprus,1955,4.49
Cyprus,1960,5.38
Cyprus,1965,5.9
Cyprus,1970,6.36
Cyprus,1975,7.02
Cyprus,1980,7.89
Cyprus,1985,8.94
Cyprus,1990,9.85
Cyprus,1995,10.28
Cyprus,2000,10.82
Cyprus,2005,10.19
Cyprus,2010,11.76
"Czech Republic",1870,3.14
"Czech Republic",1875,3.25
"Czech Republic",1880,3.36
"Czech Republic",1885,3.47
"Czech Republic",1890,3.59
"Czech Republic",1895,3.7
"Czech Republic",1900,3.82
"Czech Republic",1905,4.13
"Czech Republic",1910,4.38
"Czech Republic",1915,4.61
"Czech Republic",1920,4.79
"Czech Republic",1925,5.13
"Czech Republic",1930,5.4
"Czech Republic",1935,5.7
"Czech Republic",1940,6.01
"Czech Republic",1945,6.3
"Czech Republic",1950,6.61
"Czech Republic",1955,6.78
"Czech Republic",1960,6.94
"Czech Republic",1965,7.65
"Czech Republic",1970,8.45
"Czech Republic",1975,9.07
"Czech Republic",1980,9.5
"Czech Republic",1985,9.86
"Czech Republic",1990,10.44
"Czech Republic",1995,12.23
"Czech Republic",2000,12.78
"Czech Republic",2005,12.81
"Czech Republic",2010,12.8
"Democratic Republic of Congo",1870,0.01
"Democratic Republic of Congo",1875,0.01
"Democratic Republic of Congo",1880,0.01
"Democratic Republic of Congo",1885,0.01
"Democratic Republic of Congo",1890,0.01
"Democratic Republic of Congo",1895,0.01
"Democratic Republic of Congo",1900,0.02
"Democratic Republic of Congo",1905,0.03
"Democratic Republic of Congo",1910,0.03
"Democratic Republic of Congo",1915,0.24
"Democratic Republic of Congo",1920,0.25
"Democratic Republic of Congo",1925,0.26
"Democratic Republic of Congo",1930,0.3
"Democratic Republic of Congo",1935,0.34
"Democratic Republic of Congo",1940,0.41
"Democratic Republic of Congo",1945,0.49
"Democratic Republic of Congo",1950,0.62
"Democratic Republic of Congo",1955,0.72
"Democratic Republic of Congo",1960,0.89
"Democratic Republic of Congo",1965,1.08
"Democratic Republic of Congo",1970,1.32
"Democratic Republic of Congo",1975,1.65
"Democratic Republic of Congo",1980,2.16
"Democratic Republic of Congo",1985,2.87
"Democratic Republic of Congo",1990,3.32
"Democratic Republic of Congo",1995,3.53
"Democratic Republic of Congo",2000,3.52
"Democratic Republic of Congo",2005,3.63
"Democratic Republic of Congo",2010,3.79
Denmark,1870,2.45
Denmark,1875,2.5
Denmark,1880,2.56
Denmark,1885,2.63
Denmark,1890,2.71
Denmark,1895,2.78
Denmark,1900,2.84
Denmark,1905,2.91
Denmark,1910,3.17
Denmark,1915,3.39
Denmark,1920,3.64
Denmark,1925,3.93
Denmark,1930,4.26
Denmark,1935,4.59
Denmark,1940,4.89
Denmark,1945,5.34
Denmark,1950,5.63
Denmark,1955,4.78
Denmark,1960,5.3
Denmark,1965,6.06
Denmark,1970,7.19
Denmark,1975,8.01
Denmark,1980,8.85
Denmark,1985,9.59
Denmark,1990,10.48
Denmark,1995,11.04
Denmark,2000,11.5
Denmark,2005,11.81
Denmark,2010,11.97
"Dominican Republic",1870,0.07
"Dominican Republic",1875,0.1
"Dominican Republic",1880,0.14
"Dominican Republic",1885,0.19
"Dominican Republic",1890,0.22
"Dominican Republic",1895,0.26
"Dominican Republic",1900,0.29
"Dominican Republic",1905,0.7
"Dominican Republic",1910,1.06
"Dominican Republic",1915,1.3
"Dominican Republic",1920,1.53
"Dominican Republic",1925,1.85
"Dominican Republic",1930,2.21
"Dominican Republic",1935,2.3
"Dominican Republic",1940,2.3
"Dominican Republic",1945,2.39
"Dominican Republic",1950,2.53
"Dominican Republic",1955,2.58
"Dominican Republic",1960,2.78
"Dominican Republic",1965,3.15
"Dominican Republic",1970,3.74
"Dominican Republic",1975,4.3
"Dominican Republic",1980,4.98
"Dominican Republic",1985,5.58
"Dominican Republic",1990,6.13
"Dominican Republic",1995,6.58
"Dominican Republic",2000,7.03
"Dominican Republic",2005,7.54
"Dominican Republic",2010,8.12
Ecuador,1870,0.19
Ecuador,1875,0.24
Ecuador,1880,0.3
Ecuador,1885,0.37
Ecuador,1890,0.45
Ecuador,1895,0.56
Ecuador,1900,0.9
Ecuador,1905,1.04
Ecuador,1910,1.25
Ecuador,1915,1.42
Ecuador,1920,1.58
Ecuador,1925,1.68
Ecuador,1930,1.86
Ecuador,1935,2.08
Ecuador,1940,2.23
Ecuador,1945,2.43
Ecuador,1950,2.62
Ecuador,1955,2.93
Ecuador,1960,3.29
Ecuador,1965,4
Ecuador,1970,4.55
Ecuador,1975,5.07
Ecuador,1980,6.35
Ecuador,1985,6.76
Ecuador,1990,7.23
Ecuador,1995,7.32
Ecuador,2000,7.41
Ecuador,2005,7.7
Ecuador,2010,8.02
Egypt,1870,0.02
Egypt,1875,0.02
Egypt,1880,0.03
Egypt,1885,0.04
Egypt,1890,0.05
Egypt,1895,0.07
Egypt,1900,0.09
Egypt,1905,0.12
Egypt,1910,0.16
Egypt,1915,0.22
Egypt,1920,0.31
Egypt,1925,0.41
Egypt,1930,0.46
Egypt,1935,0.3
Egypt,1940,0.36
Egypt,1945,0.42
Egypt,1950,0.54
Egypt,1955,0.7
Egypt,1960,0.85
Egypt,1965,1.11
Egypt,1970,1.41
Egypt,1975,1.82
Egypt,1980,2.8
Egypt,1985,3.92
Egypt,1990,4.6
Egypt,1995,5.36
Egypt,2000,6.3
Egypt,2005,6.93
Egypt,2010,7.44
"El Salvador",1870,0.22
"El Salvador",1875,0.27
"El Salvador",1880,0.34
"El Salvador",1885,0.42
"El Salvador",1890,0.51
"El Salvador",1895,0.6
"El Salvador",1900,0.82
"El Salvador",1905,0.92
"El Salvador",1910,1.15
"El Salvador",1915,1.21
"El Salvador",1920,1.28
"El Salvador",1925,1.35
"El Salvador",1930,1.41
"El Salvador",1935,1.41
"El Salvador",1940,1.41
"El Salvador",1945,1.54
"El Salvador",1950,1.55
"El Salvador",1955,1.7
"El Salvador",1960,1.98
"El Salvador",1965,2.41
"El Salvador",1970,2.9
"El Salvador",1975,3.37
"El Salvador",1980,3.74
"El Salvador",1985,4.57
"El Salvador",1990,5.08
"El Salvador",1995,5.8
"El Salvador",2000,7.04
"El Salvador",2005,8.08
"El Salvador",2010,8.06
Fiji,1870,0.01
Fiji,1875,0.01
Fiji,1880,0.01
Fiji,1885,0.01
Fiji,1890,0.02
Fiji,1895,0.03
Fiji,1900,0.05
Fiji,1905,0.08
Fiji,1910,0.25
Fiji,1915,0.46
Fiji,1920,0.88
Fiji,1925,1.61
Fiji,1930,2
Fiji,1935,2.41
Fiji,1940,2.76
Fiji,1945,3.08
Fiji,1950,3.77
Fiji,1955,4.24
Fiji,1960,4.57
Fiji,1965,5.24
Fiji,1970,5.67
Fiji,1975,6.4
Fiji,1980,7.16
Fiji,1985,7.85
Fiji,1990,9.24
Fiji,1995,10.28
Fiji,2000,9.97
Fiji,2005,9.76
Fiji,2010,10.35
Finland,1870,0.13
Finland,1875,0.16
Finland,1880,0.19
Finland,1885,0.23
Finland,1890,0.3
Finland,1895,0.39
Finland,1900,1.16
Finland,1905,1.55
Finland,1910,1.63
Finland,1915,1.98
Finland,1920,2.35
Finland,1925,2.74
Finland,1930,3.09
Finland,1935,3.4
Finland,1940,3.52
Finland,1945,3.68
Finland,1950,3.91
Finland,1955,4.06
Finland,1960,4.25
Finland,1965,4.97
Finland,1970,5.99
Finland,1975,7.11
Finland,1980,8.04
Finland,1985,8.01
Finland,1990,8.56
Finland,1995,9.31
Finland,2000,9.9
Finland,2005,10.42
Finland,2010,10.71
France,1870,0.71
France,1875,0.82
France,1880,1.21
France,1885,1.56
France,1890,1.8
France,1895,2.09
France,1900,2.35
France,1905,2.65
France,1910,2.95
France,1915,3.21
France,1920,3.45
France,1925,3.66
France,1930,3.79
France,1935,3.94
France,1940,4.11
France,1945,4.27
France,1950,4.42
France,1955,4.56
France,1960,4.32
France,1965,4.78
France,1970,5.46
France,1975,6.05
France,1980,6.37
France,1985,7.37
France,1990,8.32
France,1995,9.36
France,2000,10.22
France,2005,10.86
France,2010,11.34
Gambia,1870,0.05
Gambia,1875,0.06
Gambia,1880,0.08
Gambia,1885,0.1
Gambia,1890,0.13
Gambia,1895,0.16
Gambia,1900,0.2
Gambia,1905,0.24
Gambia,1910,0.26
Gambia,1915,0.25
Gambia,1920,0.25
Gambia,1925,0.25
Gambia,1930,0.26
Gambia,1935,0.36
Gambia,1940,0.37
Gambia,1945,0.38
Gambia,1950,0.41
Gambia,1955,0.44
Gambia,1960,0.48
Gambia,1965,0.54
Gambia,1970,0.58
Gambia,1975,0.75
Gambia,1980,1
Gambia,1985,1.32
Gambia,1990,1.85
Gambia,1995,2.33
Gambia,2000,2.77
Gambia,2005,3.39
Gambia,2010,3.92
Germany,1870,2.22
Germany,1875,2.44
Germany,1880,2.67
Germany,1885,2.89
Germany,1890,3.1
Germany,1895,3.31
Germany,1900,3.48
Germany,1905,3.62
Germany,1910,3.74
Germany,1915,4.42
Germany,1920,5.07
Germany,1925,5.55
Germany,1930,5.57
Germany,1935,5.94
Germany,1940,6.24
Germany,1945,6.56
Germany,1950,7.21
Germany,1955,7.47
Germany,1960,7.54
Germany,1965,7.5
Germany,1970,7.1
Germany,1975,7.17
Germany,1980,7.36
Germany,1985,7.73
Germany,1990,8.96
Germany,1995,9.93
Germany,2000,10.59
Germany,2005,11.98
Germany,2010,12.58
Ghana,1870,0.01
Ghana,1875,0.02
Ghana,1880,0.02
Ghana,1885,0.02
Ghana,1890,0.03
Ghana,1895,0.04
Ghana,1900,0.05
Ghana,1905,0.1
Ghana,1910,0.15
Ghana,1915,0.19
Ghana,1920,0.27
Ghana,1925,0.32
Ghana,1930,0.36
Ghana,1935,0.45
Ghana,1940,0.51
Ghana,1945,0.56
Ghana,1950,0.7
Ghana,1955,0.83
Ghana,1960,1.1
Ghana,1965,2.03
Ghana,1970,3.35
Ghana,1975,4.23
Ghana,1980,4.93
Ghana,1985,5.63
Ghana,1990,6.05
Ghana,1995,6.27
Ghana,2000,6.67
Ghana,2005,7.35
Ghana,2010,7.66
Greece,1870,0.78
Greece,1875,0.89
Greece,1880,1.02
Greece,1885,1.14
Greece,1890,1.26
Greece,1895,1.37
Greece,1900,1.64
Greece,1905,1.8
Greece,1910,2.03
Greece,1915,2.29
Greece,1920,2.42
Greece,1925,2.61
Greece,1930,2.98
Greece,1935,3.56
Greece,1940,3.94
Greece,1945,4.36
Greece,1950,4.39
Greece,1955,5.79
Greece,1960,7.78
Greece,1965,6.68
Greece,1970,6.84
Greece,1975,7.15
Greece,1980,7.58
Greece,1985,8.37
Greece,1990,9.34
Greece,1995,9.54
Greece,2000,9.9
Greece,2005,10.95
Greece,2010,11.36
Guatemala,1870,0.22
Guatemala,1875,0.26
Guatemala,1880,0.32
Guatemala,1885,0.38
Guatemala,1890,0.46
Guatemala,1895,0.59
Guatemala,1900,0.84
Guatemala,1905,0.91
Guatemala,1910,1.07
Guatemala,1915,1.2
Guatemala,1920,1.31
Guatemala,1925,1.28
Guatemala,1930,1.29
Guatemala,1935,1.42
Guatemala,1940,1.43
Guatemala,1945,1.41
Guatemala,1950,1.32
Guatemala,1955,1.35
Guatemala,1960,1.41
Guatemala,1965,1.51
Guatemala,1970,1.78
Guatemala,1975,2.11
Guatemala,1980,2.94
Guatemala,1985,3.27
Guatemala,1990,3.66
Guatemala,1995,3.96
Guatemala,2000,4.35
Guatemala,2005,4.33
Guatemala,2010,5.21
Guyana,1870,0.25
Guyana,1875,0.38
Guyana,1880,0.63
Guyana,1885,0.87
Guyana,1890,1.11
Guyana,1895,1.3
Guyana,1900,1.56
Guyana,1905,1.79
Guyana,1910,1.98
Guyana,1915,2.3
Guyana,1920,2.58
Guyana,1925,2.75
Guyana,1930,2.97
Guyana,1935,3.2
Guyana,1940,3.44
Guyana,1945,3.59
Guyana,1950,4.36
Guyana,1955,4.6
Guyana,1960,4.91
Guyana,1965,5.35
Guyana,1970,5.76
Guyana,1975,6.16
Guyana,1980,6.65
Guyana,1985,7.04
Guyana,1990,7.27
Guyana,1995,7.92
Guyana,2000,8.43
Guyana,2005,8.79
Guyana,2010,9
Haiti,1870,0.01
Haiti,1875,0.01
Haiti,1880,0.01
Haiti,1885,0.01
Haiti,1890,0.01
Haiti,1895,0.01
Haiti,1900,0.14
Haiti,1905,0.2
Haiti,1910,0.22
Haiti,1915,0.27
Haiti,1920,0.31
Haiti,1925,0.34
Haiti,1930,0.4
Haiti,1935,0.55
Haiti,1940,0.72
Haiti,1945,0.77
Haiti,1950,0.6
Haiti,1955,0.68
Haiti,1960,0.83
Haiti,1965,0.99
Haiti,1970,1.22
Haiti,1975,1.56
Haiti,1980,2.07
Haiti,1985,3.05
Haiti,1990,3.56
Haiti,1995,4.06
Haiti,2000,4.44
Haiti,2005,4.9
Haiti,2010,5.17
Honduras,1870,0.25
Honduras,1875,0.3
Honduras,1880,0.37
Honduras,1885,0.46
Honduras,1890,0.55
Honduras,1895,0.66
Honduras,1900,0.76
Honduras,1905,0.94
Honduras,1910,1.1
Honduras,1915,1.22
Honduras,1920,1.52
Honduras,1925,1.57
Honduras,1930,1.55
Honduras,1935,1.51
Honduras,1940,1.52
Honduras,1945,1.57
Honduras,1950,1.65
Honduras,1955,1.75
Honduras,1960,1.93
Honduras,1965,2.13
Honduras,1970,2.38
Honduras,1975,2.73
Honduras,1980,3.74
Honduras,1985,4.65
Honduras,1990,5.07
Honduras,1995,5.47
Honduras,2000,5.87
Honduras,2005,6.24
Honduras,2010,6.6
"Hong Kong",1870,0.01
"Hong Kong",1875,0.02
"Hong Kong",1880,0.04
"Hong Kong",1885,0.07
"Hong Kong",1890,0.12
"Hong Kong",1895,0.2
"Hong Kong",1900,0.32
"Hong Kong",1905,0.4
"Hong Kong",1910,0.67
"Hong Kong",1915,0.92
"Hong Kong",1920,1.15
"Hong Kong",1925,2.11
"Hong Kong",1930,2.54
"Hong Kong",1935,3
"Hong Kong",1940,3.67
"Hong Kong",1945,4.14
"Hong Kong",1950,4.46
"Hong Kong",1955,4.76
"Hong Kong",1960,5.05
"Hong Kong",1965,5.93
"Hong Kong",1970,6.58
"Hong Kong",1975,7.26
"Hong Kong",1980,8.42
"Hong Kong",1985,9.24
"Hong Kong",1990,10.08
"Hong Kong",1995,10.21
"Hong Kong",2000,10.37
"Hong Kong",2005,12.17
"Hong Kong",2010,12.2
Hungary,1870,1.82
Hungary,1875,2.01
Hungary,1880,2.26
Hungary,1885,2.55
Hungary,1890,2.83
Hungary,1895,3.17
Hungary,1900,3.5
Hungary,1905,4.02
Hungary,1910,4.02
Hungary,1915,4.3
Hungary,1920,4.5
Hungary,1925,4.73
Hungary,1930,5.01
Hungary,1935,5.39
Hungary,1940,5.97
Hungary,1945,6.57
Hungary,1950,7.2
Hungary,1955,7.36
Hungary,1960,7.53
Hungary,1965,7.75
Hungary,1970,8.27
Hungary,1975,8.85
Hungary,1980,9.39
Hungary,1985,9.31
Hungary,1990,9.48
Hungary,1995,10.75
Hungary,2000,11.57
Hungary,2005,11.89
Hungary,2010,11.98
Iceland,1870,0.85
Iceland,1875,0.93
Iceland,1880,1.01
Iceland,1885,1.11
Iceland,1890,1.22
Iceland,1895,1.34
Iceland,1900,1.47
Iceland,1905,1.99
Iceland,1910,2.44
Iceland,1915,2.85
Iceland,1920,2.98
Iceland,1925,3.39
Iceland,1930,3.79
Iceland,1935,4.24
Iceland,1940,4.74
Iceland,1945,5.18
Iceland,1950,5.73
Iceland,1955,5.91
Iceland,1960,6.21
Iceland,1965,6.63
Iceland,1970,7.13
Iceland,1975,7.59
Iceland,1980,8.07
Iceland,1985,8.6
Iceland,1990,9.12
Iceland,1995,9.62
Iceland,2000,10.1
Iceland,2005,10.77
Iceland,2010,11.48
India,1870,0.03
India,1875,0.03
India,1880,0.04
India,1885,0.06
India,1890,0.1
India,1895,0.13
India,1900,0.16
India,1905,0.24
India,1910,0.32
India,1915,0.41
India,1920,0.52
India,1925,0.61
India,1930,0.72
India,1935,0.81
India,1940,0.88
India,1945,0.96
India,1950,1.02
India,1955,1.08
India,1960,1.16
India,1965,1.33
India,1970,1.65
India,1975,2.09
India,1980,2.46
India,1985,3.03
India,1990,3.56
India,1995,4.3
India,2000,5.3
India,2005,5.94
India,2010,6.59
Indonesia,1870,0.01
Indonesia,1875,0.01
Indonesia,1880,0.01
Indonesia,1885,0.01
Indonesia,1890,0.02
Indonesia,1895,0.03
Indonesia,1900,0.04
Indonesia,1905,0.09
Indonesia,1910,0.13
Indonesia,1915,0.17
Indonesia,1920,0.43
Indonesia,1925,0.52
Indonesia,1930,0.6
Indonesia,1935,0.71
Indonesia,1940,0.82
Indonesia,1945,0.96
Indonesia,1950,1.14
Indonesia,1955,1.31
Indonesia,1960,1.67
Indonesia,1965,2.28
Indonesia,1970,2.98
Indonesia,1975,3.37
Indonesia,1980,3.85
Indonesia,1985,4.05
Indonesia,1990,4.44
Indonesia,1995,4.89
Indonesia,2000,5.41
Indonesia,2005,6.68
Indonesia,2010,8.02
Iran,1870,0.01
Iran,1875,0.01
Iran,1880,0.01
Iran,1885,0.01
Iran,1890,0.01
Iran,1895,0.01
Iran,1900,0.02
Iran,1905,0.03
Iran,1910,0.04
Iran,1915,0.2
Iran,1920,0.22
Iran,1925,0.25
Iran,1930,0.27
Iran,1935,0.3
Iran,1940,0.4
Iran,1945,0.49
Iran,1950,0.6
Iran,1955,0.72
Iran,1960,0.99
Iran,1965,1.5
Iran,1970,2.17
Iran,1975,2.87
Iran,1980,3.84
Iran,1985,4.66
Iran,1990,5.49
Iran,1995,6.69
Iran,2000,7.66
Iran,2005,8.49
Iran,2010,9.15
Iraq,1870,0.01
Iraq,1875,0.01
Iraq,1880,0.01
Iraq,1885,0.01
Iraq,1890,0.01
Iraq,1895,0.01
Iraq,1900,0.02
Iraq,1905,0.02
Iraq,1910,0.02
Iraq,1915,0.02
Iraq,1920,0.02
Iraq,1925,0.03
Iraq,1930,0.04
Iraq,1935,0.05
Iraq,1940,0.1
Iraq,1945,0.16
Iraq,1950,0.25
Iraq,1955,0.35
Iraq,1960,0.53
Iraq,1965,0.9
Iraq,1970,1.53
Iraq,1975,2.11
Iraq,1980,2.92
Iraq,1985,3.98
Iraq,1990,4.9
Iraq,1995,5.44
Iraq,2000,6.23
Iraq,2005,6.6
Iraq,2010,7.43
Ireland,1870,0.74
Ireland,1875,0.86
Ireland,1880,0.99
Ireland,1885,1.12
Ireland,1890,1.3
Ireland,1895,1.5
Ireland,1900,1.7
Ireland,1905,1.94
Ireland,1910,2.21
Ireland,1915,2.52
Ireland,1920,2.86
Ireland,1925,3.35
Ireland,1930,3.8
Ireland,1935,4.42
Ireland,1940,5.15
Ireland,1945,5.75
Ireland,1950,6.42
Ireland,1955,6.72
Ireland,1960,6.98
Ireland,1965,7.4
Ireland,1970,8.05
Ireland,1975,8.79
Ireland,1980,9.69
Ireland,1985,10.37
Ireland,1990,10.64
Ireland,1995,10.8
Ireland,2000,11.03
Ireland,2005,11.8
Ireland,2010,12.45
Italy,1870,0.88
Italy,1875,0.95
Italy,1880,1.08
Italy,1885,1.22
Italy,1890,1.36
Italy,1895,1.51
Italy,1900,1.73
Italy,1905,1.89
Italy,1910,1.98
Italy,1915,2.24
Italy,1920,2.55
Italy,1925,2.85
Italy,1930,3.08
Italy,1935,3.36
Italy,1940,3.72
Italy,1945,4.15
Italy,1950,4.4
Italy,1955,4.71
Italy,1960,5.07
Italy,1965,5.43
Italy,1970,5.87
Italy,1975,6.45
Italy,1980,7.09
Italy,1985,7.63
Italy,1990,8.32
Italy,1995,9.04
Italy,2000,9.73
Italy,2005,10.2
Italy,2010,10.71
Jamaica,1870,0.68
Jamaica,1875,0.78
Jamaica,1880,0.92
Jamaica,1885,1.13
Jamaica,1890,1.42
Jamaica,1895,1.71
Jamaica,1900,1.97
Jamaica,1905,2.27
Jamaica,1910,2.47
Jamaica,1915,2.61
Jamaica,1920,2.76
Jamaica,1925,2.87
Jamaica,1930,2.98
Jamaica,1935,3.18
Jamaica,1940,3.36
Jamaica,1945,3.5
Jamaica,1950,3.64
Jamaica,1955,3.74
Jamaica,1960,3.93
Jamaica,1965,4.48
Jamaica,1970,4.96
Jamaica,1975,5.54
Jamaica,1980,6.27
Jamaica,1985,6.86
Jamaica,1990,7.48
Jamaica,1995,8.55
Jamaica,2000,9.59
Jamaica,2005,10.09
Jamaica,2010,10.33
Japan,1870,0.53
Japan,1875,0.63
Japan,1880,0.75
Japan,1885,0.93
Japan,1890,1.26
Japan,1895,1.55
Japan,1900,1.85
Japan,1905,2.13
Japan,1910,2.47
Japan,1915,2.95
Japan,1920,3.92
Japan,1925,4.46
Japan,1930,4.96
Japan,1935,5.34
Japan,1940,5.66
Japan,1945,6.19
Japan,1950,6.86
Japan,1955,7.4
Japan,1960,7.77
Japan,1965,7.8
Japan,1970,8.25
Japan,1975,8.85
Japan,1980,9.6
Japan,1985,10.12
Japan,1990,10.71
Japan,1995,11.26
Japan,2000,11.77
Japan,2005,12.12
Japan,2010,12.44
Jordan,1870,0.01
Jordan,1875,0.01
Jordan,1880,0.02
Jordan,1885,0.02
Jordan,1890,0.02
Jordan,1895,0.03
Jordan,1900,0.04
Jordan,1905,0.11
Jordan,1910,0.19
Jordan,1915,0.24
Jordan,1920,0.74
Jordan,1925,0.8
Jordan,1930,0.85
Jordan,1935,0.89
Jordan,1940,1.02
Jordan,1945,1.15
Jordan,1950,1.48
Jordan,1955,2.08
Jordan,1960,2.92
Jordan,1965,3.67
Jordan,1970,4.23
Jordan,1975,4.67
Jordan,1980,5.18
Jordan,1985,6.3
Jordan,1990,7.23
Jordan,1995,8.06
Jordan,2000,8.85
Jordan,2005,9.52
Jordan,2010,10
Kenya,1870,0.01
Kenya,1875,0.01
Kenya,1880,0.01
Kenya,1885,0.02
Kenya,1890,0.02
Kenya,1895,0.02
Kenya,1900,0.03
Kenya,1905,0.14
Kenya,1910,0.25
Kenya,1915,0.33
Kenya,1920,0.67
Kenya,1925,0.73
Kenya,1930,0.8
Kenya,1935,0.88
Kenya,1940,0.95
Kenya,1945,1.08
Kenya,1950,1.2
Kenya,1955,1.35
Kenya,1960,1.56
Kenya,1965,1.77
Kenya,1970,2.28
Kenya,1975,2.82
Kenya,1980,3.61
Kenya,1985,4.33
Kenya,1990,5.05
Kenya,1995,5.5
Kenya,2000,5.91
Kenya,2005,6.48
Kenya,2010,6.47
Kuwait,1870,0.01
Kuwait,1875,0.01
Kuwait,1880,0.01
Kuwait,1885,0.01
Kuwait,1890,0.01
Kuwait,1895,0.01
Kuwait,1900,0.01
Kuwait,1905,0.01
Kuwait,1910,0.07
Kuwait,1915,0.12
Kuwait,1920,0.18
Kuwait,1925,0.24
Kuwait,1930,0.71
Kuwait,1935,0.9
Kuwait,1940,1.05
Kuwait,1945,1.34
Kuwait,1950,1.6
Kuwait,1955,1.96
Kuwait,1960,2.51
Kuwait,1965,2.96
Kuwait,1970,3.35
Kuwait,1975,3.58
Kuwait,1980,4.67
Kuwait,1985,5.55
Kuwait,1990,5.92
Kuwait,1995,6.15
Kuwait,2000,6.12
Kuwait,2005,6.14
Kuwait,2010,6.39
Lesotho,1870,0.03
Lesotho,1875,0.05
Lesotho,1880,0.07
Lesotho,1885,0.1
Lesotho,1890,0.15
Lesotho,1895,0.22
Lesotho,1900,0.3
Lesotho,1905,0.38
Lesotho,1910,0.53
Lesotho,1915,0.64
Lesotho,1920,0.76
Lesotho,1925,1.16
Lesotho,1930,1.42
Lesotho,1935,1.6
Lesotho,1940,1.87
Lesotho,1945,2.2
Lesotho,1950,2.6
Lesotho,1955,2.87
Lesotho,1960,3.12
Lesotho,1965,3.44
Lesotho,1970,3.72
Lesotho,1975,4.11
Lesotho,1980,4.49
Lesotho,1985,4.81
Lesotho,1990,5.25
Lesotho,1995,5.8
Lesotho,2000,6.37
Lesotho,2005,7.21
Lesotho,2010,6.08
Liberia,1870,0.05
Liberia,1875,0.06
Liberia,1880,0.07
Liberia,1885,0.09
Liberia,1890,0.11
Liberia,1895,0.13
Liberia,1900,0.17
Liberia,1905,0.26
Liberia,1910,0.36
Liberia,1915,0.44
Liberia,1920,0.57
Liberia,1925,0.58
Liberia,1930,0.55
Liberia,1935,0.52
Liberia,1940,0.55
Liberia,1945,0.57
Liberia,1950,0.58
Liberia,1955,0.62
Liberia,1960,0.72
Liberia,1965,0.94
Liberia,1970,1.16
Liberia,1975,1.67
Liberia,1980,2.23
Liberia,1985,2.73
Liberia,1990,3.08
Liberia,1995,3.17
Liberia,2000,3.6
Liberia,2005,3.96
Liberia,2010,4.35
Libya,1870,0.01
Libya,1875,0.01
Libya,1880,0.01
Libya,1885,0.01
Libya,1890,0.01
Libya,1895,0.01
Libya,1900,0.01
Libya,1905,0.01
Libya,1910,0.05
Libya,1915,0.08
Libya,1920,0.1
Libya,1925,0.19
Libya,1930,0.26
Libya,1935,0.31
Libya,1940,0.36
Libya,1945,0.41
Libya,1950,0.47
Libya,1955,0.59
Libya,1960,0.72
Libya,1965,1.09
Libya,1970,1.66
Libya,1975,2.35
Libya,1980,3.45
Libya,1985,4.55
Libya,1990,5.42
Libya,1995,6.13
Libya,2000,7.04
Libya,2005,7.79
Libya,2010,8.43
Luxembourg,1870,0.04
Luxembourg,1875,0.05
Luxembourg,1880,0.06
Luxembourg,1885,0.08
Luxembourg,1890,0.1
Luxembourg,1895,0.12
Luxembourg,1900,0.15
Luxembourg,1905,0.18
Luxembourg,1910,0.22
Luxembourg,1915,0.27
Luxembourg,1920,0.36
Luxembourg,1925,0.44
Luxembourg,1930,0.56
Luxembourg,1935,1.4
Luxembourg,1940,2.18
Luxembourg,1945,2.83
Luxembourg,1950,3.85
Luxembourg,1955,4.65
Luxembourg,1960,5.22
Luxembourg,1965,6.19
Luxembourg,1970,7.27
Luxembourg,1975,8.21
Luxembourg,1980,8.55
Luxembourg,1985,8.83
Luxembourg,1990,9.24
Luxembourg,1995,9.57
Luxembourg,2000,9.92
Luxembourg,2005,10.59
Luxembourg,2010,11.33
Malawi,1870,0.01
Malawi,1875,0.01
Malawi,1880,0.01
Malawi,1885,0.01
Malawi,1890,0.01
Malawi,1895,0.01
Malawi,1900,0.01
Malawi,1905,0.02
Malawi,1910,0.13
Malawi,1915,0.23
Malawi,1920,0.31
Malawi,1925,0.42
Malawi,1930,0.51
Malawi,1935,0.62
Malawi,1940,0.72
Malawi,1945,0.84
Malawi,1950,0.98
Malawi,1955,1.06
Malawi,1960,1.12
Malawi,1965,1.3
Malawi,1970,1.63
Malawi,1975,1.96
Malawi,1980,2.5
Malawi,1985,2.96
Malawi,1990,3.14
Malawi,1995,3.3
Malawi,2000,3.73
Malawi,2005,4.67
Malawi,2010,5.01
Malaysia,1870,0.02
Malaysia,1875,0.02
Malaysia,1880,0.03
Malaysia,1885,0.04
Malaysia,1890,0.05
Malaysia,1895,0.06
Malaysia,1900,0.09
Malaysia,1905,0.22
Malaysia,1910,0.36
Malaysia,1915,0.5
Malaysia,1920,0.69
Malaysia,1925,1.01
Malaysia,1930,1.3
Malaysia,1935,1.53
Malaysia,1940,1.75
Malaysia,1945,1.96
Malaysia,1950,2.21
Malaysia,1955,2.5
Malaysia,1960,2.99
Malaysia,1965,3.54
Malaysia,1970,4.41
Malaysia,1975,5.06
Malaysia,1980,6.06
Malaysia,1985,7.03
Malaysia,1990,8.01
Malaysia,1995,8.66
Malaysia,2000,9.49
Malaysia,2005,10.16
Malaysia,2010,10.89
Mali,1870,0.01
Mali,1875,0.01
Mali,1880,0.01
Mali,1885,0.01
Mali,1890,0.01
Mali,1895,0.01
Mali,1900,0.01
Mali,1905,0.01
Mali,1910,0.01
Mali,1915,0.01
Mali,1920,0.02
Mali,1925,0.03
Mali,1930,0.04
Mali,1935,0.1
Mali,1940,0.11
Mali,1945,0.13
Mali,1950,0.16
Mali,1955,0.18
Mali,1960,0.2
Mali,1965,0.26
Mali,1970,0.31
Mali,1975,0.46
Mali,1980,0.65
Mali,1985,0.83
Mali,1990,0.95
Mali,1995,1.07
Mali,2000,1.3
Mali,2005,1.81
Mali,2010,2.14
Malta,1870,0.31
Malta,1875,0.37
Malta,1880,0.44
Malta,1885,0.52
Malta,1890,0.62
Malta,1895,0.73
Malta,1900,1.15
Malta,1905,1.4
Malta,1910,1.5
Malta,1915,1.76
Malta,1920,1.98
Malta,1925,2.17
Malta,1930,2.29
Malta,1935,2.55
Malta,1940,2.81
Malta,1945,3.09
Malta,1950,3.32
Malta,1955,3.89
Malta,1960,4.49
Malta,1965,5.1
Malta,1970,6.06
Malta,1975,6.84
Malta,1980,7.51
Malta,1985,8.38
Malta,1990,9.19
Malta,1995,10.06
Malta,2000,10.43
Malta,2005,10.6
Malta,2010,11.06
Mauritius,1870,0.19
Mauritius,1875,0.23
Mauritius,1880,0.3
Mauritius,1885,0.38
Mauritius,1890,0.49
Mauritius,1895,0.6
Mauritius,1900,1.07
Mauritius,1905,1.28
Mauritius,1910,1.48
Mauritius,1915,1.63
Mauritius,1920,1.78
Mauritius,1925,1.93
Mauritius,1930,2.09
Mauritius,1935,2.27
Mauritius,1940,2.32
Mauritius,1945,2.39
Mauritius,1950,2.51
Mauritius,1955,2.93
Mauritius,1960,3.6
Mauritius,1965,4.3
Mauritius,1970,4.98
Mauritius,1975,5.18
Mauritius,1980,5.52
Mauritius,1985,6.09
Mauritius,1990,6.85
Mauritius,1995,7.07
Mauritius,2000,7.07
Mauritius,2005,8.16
Mauritius,2010,9.44
Mexico,1870,0.37
Mexico,1875,0.45
Mexico,1880,0.54
Mexico,1885,0.63
Mexico,1890,0.71
Mexico,1895,0.78
Mexico,1900,0.85
Mexico,1905,1.08
Mexico,1910,1.33
Mexico,1915,1.47
Mexico,1920,1.47
Mexico,1925,1.6
Mexico,1930,1.7
Mexico,1935,1.98
Mexico,1940,2.25
Mexico,1945,2.24
Mexico,1950,2.2
Mexico,1955,2.36
Mexico,1960,2.55
Mexico,1965,3.02
Mexico,1970,3.48
Mexico,1975,4.19
Mexico,1980,5.01
Mexico,1985,5.9
Mexico,1990,6.68
Mexico,1995,7.37
Mexico,2000,7.96
Mexico,2005,8.9
Mexico,2010,9.18
Morocco,1870,0.01
Morocco,1875,0.01
Morocco,1880,0.01
Morocco,1885,0.01
Morocco,1890,0.01
Morocco,1895,0.01
Morocco,1900,0.01
Morocco,1905,0.01
Morocco,1910,0.01
Morocco,1915,0.04
Morocco,1920,0.07
Morocco,1925,0.1
Morocco,1930,0.16
Morocco,1935,0.19
Morocco,1940,0.22
Morocco,1945,0.26
Morocco,1950,0.3
Morocco,1955,0.39
Morocco,1960,0.51
Morocco,1965,0.75
Morocco,1970,1.05
Morocco,1975,1.43
Morocco,1980,1.88
Morocco,1985,2.45
Morocco,1990,3.05
Morocco,1995,3.64
Morocco,2000,4.09
Morocco,2005,4.63
Morocco,2010,5.27
Mozambique,1870,0.01
Mozambique,1875,0.01
Mozambique,1880,0.01
Mozambique,1885,0.01
Mozambique,1890,0.01
Mozambique,1895,0.01
Mozambique,1900,0.01
Mozambique,1905,0.02
Mozambique,1910,0.02
Mozambique,1915,0.03
Mozambique,1920,0.03
Mozambique,1925,0.07
Mozambique,1930,0.12
Mozambique,1935,0.15
Mozambique,1940,0.39
Mozambique,1945,0.44
Mozambique,1950,0.52
Mozambique,1955,0.7
Mozambique,1960,0.88
Mozambique,1965,1.06
Mozambique,1970,1.06
Mozambique,1975,1
Mozambique,1980,1.19
Mozambique,1985,1.25
Mozambique,1990,1.06
Mozambique,1995,0.98
Mozambique,2000,1.13
Mozambique,2005,1.34
Mozambique,2010,2.03
Myanmar,1870,0.05
Myanmar,1875,0.07
Myanmar,1880,0.1
Myanmar,1885,0.16
Myanmar,1890,0.23
Myanmar,1895,0.29
Myanmar,1900,0.36
Myanmar,1905,0.45
Myanmar,1910,0.53
Myanmar,1915,0.83
Myanmar,1920,0.92
Myanmar,1925,0.98
Myanmar,1930,1.09
Myanmar,1935,1.16
Myanmar,1940,1.23
Myanmar,1945,1.2
Myanmar,1950,1.17
Myanmar,1955,1.25
Myanmar,1960,1.27
Myanmar,1965,1.44
Myanmar,1970,1.52
Myanmar,1975,1.69
Myanmar,1980,2.34
Myanmar,1985,2.87
Myanmar,1990,2.99
Myanmar,1995,3.4
Myanmar,2000,3.89
Myanmar,2005,4.45
Myanmar,2010,5.11
Nepal,1870,0.01
Nepal,1875,0.01
Nepal,1880,0.01
Nepal,1885,0.01
Nepal,1890,0.01
Nepal,1895,0.01
Nepal,1900,0.01
Nepal,1905,0.01
Nepal,1910,0.01
Nepal,1915,0.01
Nepal,1920,0.07
Nepal,1925,0.08
Nepal,1930,0.08
Nepal,1935,0.09
Nepal,1940,0.09
Nepal,1945,0.11
Nepal,1950,0.11
Nepal,1955,0.12
Nepal,1960,0.14
Nepal,1965,0.28
Nepal,1970,0.52
Nepal,1975,0.75
Nepal,1980,1.04
Nepal,1985,1.86
Nepal,1990,2.58
Nepal,1995,2.76
Nepal,2000,3.13
Nepal,2005,3.74
Nepal,2010,4.44
Netherlands,1870,2.94
Netherlands,1875,3.01
Netherlands,1880,3.11
Netherlands,1885,3.2
Netherlands,1890,3.28
Netherlands,1895,3.37
Netherlands,1900,3.46
Netherlands,1905,3.63
Netherlands,1910,3.8
Netherlands,1915,3.99
Netherlands,1920,4.16
Netherlands,1925,4.35
Netherlands,1930,4.5
Netherlands,1935,4.73
Netherlands,1940,4.95
Netherlands,1945,5.14
Netherlands,1950,6.14
Netherlands,1955,6.2
Netherlands,1960,6.25
Netherlands,1965,7.49
Netherlands,1970,8.48
Netherlands,1975,9.28
Netherlands,1980,9.87
Netherlands,1985,10.22
Netherlands,1990,10.59
Netherlands,1995,10.88
Netherlands,2000,11.14
Netherlands,2005,11.15
Netherlands,2010,11.71
"New Zealand",1870,3.53
"New Zealand",1875,3.47
"New Zealand",1880,3.62
"New Zealand",1885,3.86
"New Zealand",1890,4.12
"New Zealand",1895,4.35
"New Zealand",1900,4.5
"New Zealand",1905,4.68
"New Zealand",1910,5.04
"New Zealand",1915,5.48
"New Zealand",1920,5.87
"New Zealand",1925,6.31
"New Zealand",1930,6.84
"New Zealand",1935,7.57
"New Zealand",1940,7.95
"New Zealand",1945,8.31
"New Zealand",1950,9.34
"New Zealand",1955,9.67
"New Zealand",1960,10.12
"New Zealand",1965,10.18
"New Zealand",1970,11.17
"New Zealand",1975,12.03
"New Zealand",1980,11.81
"New Zealand",1985,11.81
"New Zealand",1990,11.69
"New Zealand",1995,11.81
"New Zealand",2000,11.98
"New Zealand",2005,12
"New Zealand",2010,11.12
Nicaragua,1870,0.17
Nicaragua,1875,0.2
Nicaragua,1880,0.25
Nicaragua,1885,0.31
Nicaragua,1890,0.38
Nicaragua,1895,0.46
Nicaragua,1900,0.86
Nicaragua,1905,1.01
Nicaragua,1910,1.09
Nicaragua,1915,1.17
Nicaragua,1920,1.28
Nicaragua,1925,1.41
Nicaragua,1930,1.48
Nicaragua,1935,1.5
Nicaragua,1940,1.52
Nicaragua,1945,1.54
Nicaragua,1950,1.54
Nicaragua,1955,1.83
Nicaragua,1960,2.19
Nicaragua,1965,2.61
Nicaragua,1970,3.07
Nicaragua,1975,3.38
Nicaragua,1980,3.84
Nicaragua,1985,4.21
Nicaragua,1990,4.64
Nicaragua,1995,5.19
Nicaragua,2000,5.7
Nicaragua,2005,6.28
Nicaragua,2010,6.82
Niger,1870,0.01
Niger,1875,0.01
Niger,1880,0.01
Niger,1885,0.01
Niger,1890,0.01
Niger,1895,0.01
Niger,1900,0.01
Niger,1905,0.01
Niger,1910,0.01
Niger,1915,0.01
Niger,1920,0.07
Niger,1925,0.12
Niger,1930,0.16
Niger,1935,0.24
Niger,1940,0.27
Niger,1945,0.3
Niger,1950,0.33
Niger,1955,0.35
Niger,1960,0.38
Niger,1965,0.4
Niger,1970,0.45
Niger,1975,0.53
Niger,1980,0.67
Niger,1985,0.85
Niger,1990,1.08
Niger,1995,1.28
Niger,2000,1.43
Niger,2005,1.62
Niger,2010,1.95
Norway,1870,4.24
Norway,1875,4.47
Norway,1880,4.69
Norway,1885,4.91
Norway,1890,5.12
Norway,1895,5.41
Norway,1900,5.71
Norway,1905,6.07
Norway,1910,6.36
Norway,1915,6.62
Norway,1920,6.54
Norway,1925,6.75
Norway,1930,6.91
Norway,1935,7.04
Norway,1940,7.19
Norway,1945,7.34
Norway,1950,7.43
Norway,1955,7.45
Norway,1960,7.53
Norway,1965,7.96
Norway,1970,8.47
Norway,1975,8.77
Norway,1980,9.32
Norway,1985,10.16
Norway,1990,10.79
Norway,1995,11.31
Norway,2000,11.56
Norway,2005,11.91
Norway,2010,11.65
Pakistan,1870,0.01
Pakistan,1875,0.01
Pakistan,1880,0.01
Pakistan,1885,0.01
Pakistan,1890,0.01
Pakistan,1895,0.01
Pakistan,1900,0.02
Pakistan,1905,0.13
Pakistan,1910,0.25
Pakistan,1915,0.34
Pakistan,1920,0.53
Pakistan,1925,0.6
Pakistan,1930,0.67
Pakistan,1935,0.73
Pakistan,1940,0.81
Pakistan,1945,0.88
Pakistan,1950,0.88
Pakistan,1955,0.9
Pakistan,1960,1.05
Pakistan,1965,1.28
Pakistan,1970,1.45
Pakistan,1975,1.78
Pakistan,1980,2.1
Pakistan,1985,2.5
Pakistan,1990,2.95
Pakistan,1995,3.44
Pakistan,2000,3.98
Pakistan,2005,4.99
Pakistan,2010,5.19
Panama,1870,0.08
Panama,1875,0.11
Panama,1880,0.13
Panama,1885,0.17
Panama,1890,0.21
Panama,1895,0.26
Panama,1900,0.85
Panama,1905,1.06
Panama,1910,1.49
Panama,1915,1.74
Panama,1920,1.95
Panama,1925,2.16
Panama,1930,2.48
Panama,1935,2.91
Panama,1940,3.17
Panama,1945,3.43
Panama,1950,3.87
Panama,1955,4.26
Panama,1960,4.75
Panama,1965,5.01
Panama,1970,5.39
Panama,1975,6.1
Panama,1980,6.89
Panama,1985,7.59
Panama,1990,8.08
Panama,1995,8.71
Panama,2000,9.24
Panama,2005,9.51
Panama,2010,9.72
Paraguay,1870,0.07
Paraguay,1875,0.09
Paraguay,1880,0.11
Paraguay,1885,0.14
Paraguay,1890,0.18
Paraguay,1895,0.25
Paraguay,1900,0.77
Paraguay,1905,0.95
Paraguay,1910,1.38
Paraguay,1915,1.58
Paraguay,1920,1.82
Paraguay,1925,2.17
Paraguay,1930,2.34
Paraguay,1935,2.54
Paraguay,1940,2.71
Paraguay,1945,2.94
Paraguay,1950,2.81
Paraguay,1955,3.08
Paraguay,1960,3.47
Paraguay,1965,3.79
Paraguay,1970,4.32
Paraguay,1975,4.85
Paraguay,1980,5.37
Paraguay,1985,5.96
Paraguay,1990,6.43
Paraguay,1995,6.4
Paraguay,2000,6.55
Paraguay,2005,8.03
Paraguay,2010,7.99
Peru,1870,0.03
Peru,1875,0.04
Peru,1880,0.05
Peru,1885,0.07
Peru,1890,0.1
Peru,1895,0.15
Peru,1900,0.22
Peru,1905,0.47
Peru,1910,0.71
Peru,1915,0.9
Peru,1920,1.44
Peru,1925,1.68
Peru,1930,1.89
Peru,1935,2.15
Peru,1940,2.4
Peru,1945,2.72
Peru,1950,2.91
Peru,1955,3.1
Peru,1960,3.32
Peru,1965,3.79
Peru,1970,4.47
Peru,1975,5.43
Peru,1980,6.2
Peru,1985,6.75
Peru,1990,7.39
Peru,1995,8.09
Peru,2000,9.05
Peru,2005,9.88
Peru,2010,9.28
Philippines,1870,0.03
Philippines,1875,0.04
Philippines,1880,0.05
Philippines,1885,0.07
Philippines,1890,0.09
Philippines,1895,0.12
Philippines,1900,0.19
Philippines,1905,0.23
Philippines,1910,0.47
Philippines,1915,0.7
Philippines,1920,0.92
Philippines,1925,1.16
Philippines,1930,1.39
Philippines,1935,1.69
Philippines,1940,1.8
Philippines,1945,1.99
Philippines,1950,2.35
Philippines,1955,3.36
Philippines,1960,3.49
Philippines,1965,4.01
Philippines,1970,4.83
Philippines,1975,5.56
Philippines,1980,6.26
Philippines,1985,6.64
Philippines,1990,7.15
Philippines,1995,7.59
Philippines,2000,7.96
Philippines,2005,8.27
Philippines,2010,8.65
Poland,1870,1.38
Poland,1875,1.49
Poland,1880,1.6
Poland,1885,1.72
Poland,1890,1.84
Poland,1895,1.97
Poland,1900,2.11
Poland,1905,2.44
Poland,1910,2.72
Poland,1915,2.96
Poland,1920,3.42
Poland,1925,3.62
Poland,1930,3.94
Poland,1935,4.38
Poland,1940,4.87
Poland,1945,5.26
Poland,1950,5.52
Poland,1955,5.81
Poland,1960,6.19
Poland,1965,6.92
Poland,1970,7.63
Poland,1975,8.19
Poland,1980,8.31
Poland,1985,8.69
Poland,1990,9.75
Poland,1995,10.32
Poland,2000,10.74
Poland,2005,11.36
Poland,2010,11.62
Portugal,1870,0.27
Portugal,1875,0.34
Portugal,1880,0.42
Portugal,1885,0.51
Portugal,1890,0.6
Portugal,1895,0.71
Portugal,1900,0.8
Portugal,1905,0.87
Portugal,1910,0.94
Portugal,1915,1.01
Portugal,1920,1.17
Portugal,1925,1.26
Portugal,1930,1.34
Portugal,1935,1.46
Portugal,1940,1.65
Portugal,1945,1.84
Portugal,1950,2.01
Portugal,1955,2.2
Portugal,1960,2.46
Portugal,1965,2.64
Portugal,1970,3.17
Portugal,1975,4.27
Portugal,1980,5.45
Portugal,1985,6.08
Portugal,1990,6.73
Portugal,1995,7.49
Portugal,2000,8.41
Portugal,2005,8.12
Portugal,2010,8.71
Reunion,1870,0.22
Reunion,1875,0.27
Reunion,1880,0.33
Reunion,1885,0.41
Reunion,1890,0.5
Reunion,1895,0.61
Reunion,1900,0.95
Reunion,1905,1.29
Reunion,1910,1.58
Reunion,1915,1.71
Reunion,1920,1.91
Reunion,1925,2.13
Reunion,1930,2.33
Reunion,1935,2.42
Reunion,1940,2.48
Reunion,1945,2.63
Reunion,1950,2.89
Reunion,1955,2.77
Reunion,1960,2.75
Reunion,1965,2.93
Reunion,1970,3.64
Reunion,1975,4.5
Reunion,1980,5.26
Reunion,1985,5.9
Reunion,1990,6.46
Reunion,1995,6.97
Reunion,2000,7.42
Reunion,2005,7.85
Reunion,2010,8.29
Romania,1870,0.1
Romania,1875,0.11
Romania,1880,0.13
Romania,1885,0.15
Romania,1890,0.17
Romania,1895,0.21
Romania,1900,0.27
Romania,1905,0.37
Romania,1910,0.64
Romania,1915,0.84
Romania,1920,1.23
Romania,1925,2.23
Romania,1930,2.53
Romania,1935,2.96
Romania,1940,3.42
Romania,1945,3.76
Romania,1950,4.01
Romania,1955,4.66
Romania,1960,5.26
Romania,1965,5.6
Romania,1970,7.09
Romania,1975,8.38
Romania,1980,9.12
Romania,1985,9.62
Romania,1990,10.12
Romania,1995,10.48
Romania,2000,10.64
Romania,2005,10.66
Romania,2010,11.08
Russia,1870,0.15
Russia,1875,0.18
Russia,1880,0.21
Russia,1885,0.24
Russia,1890,0.27
Russia,1895,0.33
Russia,1900,0.42
Russia,1905,0.62
Russia,1910,0.71
Russia,1915,0.89
Russia,1920,1.24
Russia,1925,1.52
Russia,1930,1.86
Russia,1935,2.42
Russia,1940,3.03
Russia,1945,3.65
Russia,1950,4.08
Russia,1955,4.58
Russia,1960,4.88
Russia,1965,5.62
Russia,1970,6.39
Russia,1975,7.29
Russia,1980,8.36
Russia,1985,9.37
Russia,1990,10.21
Russia,1995,10.73
Russia,2000,11.54
Russia,2005,11.76
Russia,2010,12.02
Senegal,1870,0.01
Senegal,1875,0.01
Senegal,1880,0.01
Senegal,1885,0.01
Senegal,1890,0.01
Senegal,1895,0.01
Senegal,1900,0.02
Senegal,1905,0.02
Senegal,1910,0.02
Senegal,1915,0.03
Senegal,1920,0.29
Senegal,1925,0.53
Senegal,1930,0.7
Senegal,1935,1.14
Senegal,1940,1.29
Senegal,1945,1.44
Senegal,1950,1.87
Senegal,1955,1.95
Senegal,1960,2.07
Senegal,1965,2.11
Senegal,1970,2.3
Senegal,1975,2.49
Senegal,1980,2.52
Senegal,1985,2.45
Senegal,1990,2.37
Senegal,1995,2.26
Senegal,2000,1.98
Senegal,2005,1.67
Senegal,2010,3.11
Serbia,1870,0.09
Serbia,1875,0.1
Serbia,1880,0.14
Serbia,1885,0.2
Serbia,1890,0.29
Serbia,1895,0.4
Serbia,1900,0.75
Serbia,1905,1.06
Serbia,1910,1.38
Serbia,1915,2
Serbia,1920,2.34
Serbia,1925,2.79
Serbia,1930,3.22
Serbia,1935,3.71
Serbia,1940,4.21
Serbia,1945,4.47
Serbia,1950,4.59
Serbia,1955,4.99
Serbia,1960,5.14
Serbia,1965,5.45
Serbia,1970,6.09
Serbia,1975,6.81
Serbia,1980,7.42
Serbia,1985,7.92
Serbia,1990,8.15
Serbia,1995,8.88
Serbia,2000,9.52
Serbia,2005,10.6
Serbia,2010,11.52
"Sierra Leone",1870,0.02
"Sierra Leone",1875,0.03
"Sierra Leone",1880,0.03
"Sierra Leone",1885,0.04
"Sierra Leone",1890,0.05
"Sierra Leone",1895,0.06
"Sierra Leone",1900,0.08
"Sierra Leone",1905,0.1
"Sierra Leone",1910,0.15
"Sierra Leone",1915,0.18
"Sierra Leone",1920,0.21
"Sierra Leone",1925,0.22
"Sierra Leone",1930,0.24
"Sierra Leone",1935,0.26
"Sierra Leone",1940,0.31
"Sierra Leone",1945,0.36
"Sierra Leone",1950,0.41
"Sierra Leone",1955,0.46
"Sierra Leone",1960,0.51
"Sierra Leone",1965,0.68
"Sierra Leone",1970,0.87
"Sierra Leone",1975,1.14
"Sierra Leone",1980,1.44
"Sierra Leone",1985,1.81
"Sierra Leone",1990,2.17
"Sierra Leone",1995,2.55
"Sierra Leone",2000,2.9
"Sierra Leone",2005,3.36
"Sierra Leone",2010,4.28
"South Africa",1870,0.68
"South Africa",1875,0.8
"South Africa",1880,0.96
"South Africa",1885,1.15
"South Africa",1890,1.3
"South Africa",1895,1.3
"South Africa",1900,1.22
"South Africa",1905,1.24
"South Africa",1910,1.28
"South Africa",1915,1.61
"South Africa",1920,2.38
"South Africa",1925,2.76
"South Africa",1930,3.09
"South Africa",1935,3.42
"South Africa",1940,3.7
"South Africa",1945,3.98
"South Africa",1950,4.2
"South Africa",1955,4.4
"South Africa",1960,4.47
"South Africa",1965,4.55
"South Africa",1970,4.7
"South Africa",1975,4.9
"South Africa",1980,5.18
"South Africa",1985,5.21
"South Africa",1990,6.89
"South Africa",1995,8.37
"South Africa",2000,7.92
"South Africa",2005,8.86
"South Africa",2010,9.89
"South Korea",1870,0.01
"South Korea",1875,0.01
"South Korea",1880,0.01
"South Korea",1885,0.01
"South Korea",1890,0.01
"South Korea",1895,0.01
"South Korea",1900,0.3
"South Korea",1905,0.6
"South Korea",1910,0.82
"South Korea",1915,1.46
"South Korea",1920,1.96
"South Korea",1925,2.37
"South Korea",1930,2.8
"South Korea",1935,3.24
"South Korea",1940,3.63
"South Korea",1945,3.96
"South Korea",1950,4.64
"South Korea",1955,5.22
"South Korea",1960,4.46
"South Korea",1965,5.68
"South Korea",1970,6.59
"South Korea",1975,7.54
"South Korea",1980,8.61
"South Korea",1985,9.52
"South Korea",1990,10.46
"South Korea",1995,11.17
"South Korea",2000,11.8
"South Korea",2005,12.27
"South Korea",2010,12.96
Spain,1870,1.58
Spain,1875,1.86
Spain,1880,2.19
Spain,1885,2.54
Spain,1890,2.84
Spain,1895,3.09
Spain,1900,3.27
Spain,1905,3.4
Spain,1910,3.49
Spain,1915,3.38
Spain,1920,3.28
Spain,1925,3.2
Spain,1930,3.31
Spain,1935,3.31
Spain,1940,3.42
Spain,1945,3.66
Spain,1950,3.83
Spain,1955,4.04
Spain,1960,4.42
Spain,1965,4.7
Spain,1970,5.33
Spain,1975,6.19
Spain,1980,7.24
Spain,1985,7.24
Spain,1990,7.51
Spain,1995,8.72
Spain,2000,9.65
Spain,2005,10.64
Spain,2010,10.75
"Sri Lanka",1870,0.17
"Sri Lanka",1875,0.18
"Sri Lanka",1880,0.2
"Sri Lanka",1885,0.24
"Sri Lanka",1890,0.3
"Sri Lanka",1895,0.39
"Sri Lanka",1900,0.48
"Sri Lanka",1905,0.58
"Sri Lanka",1910,0.87
"Sri Lanka",1915,1.17
"Sri Lanka",1920,1.42
"Sri Lanka",1925,2.08
"Sri Lanka",1930,2.42
"Sri Lanka",1935,2.76
"Sri Lanka",1940,3.05
"Sri Lanka",1945,3.3
"Sri Lanka",1950,3.55
"Sri Lanka",1955,3.84
"Sri Lanka",1960,4.12
"Sri Lanka",1965,4.49
"Sri Lanka",1970,6.63
"Sri Lanka",1975,6.97
"Sri Lanka",1980,7.22
"Sri Lanka",1985,7.89
"Sri Lanka",1990,8.9
"Sri Lanka",1995,9.83
"Sri Lanka",2000,10.77
"Sri Lanka",2005,10.83
"Sri Lanka",2010,10.67
Sudan,1870,0.01
Sudan,1875,0.01
Sudan,1880,0.01
Sudan,1885,0.01
Sudan,1890,0.01
Sudan,1895,0.01
Sudan,1900,0.02
Sudan,1905,0.02
Sudan,1910,0.03
Sudan,1915,0.15
Sudan,1920,0.16
Sudan,1925,0.18
Sudan,1930,0.22
Sudan,1935,0.24
Sudan,1940,0.27
Sudan,1945,0.29
Sudan,1950,0.35
Sudan,1955,0.43
Sudan,1960,0.51
Sudan,1965,0.63
Sudan,1970,0.78
Sudan,1975,1.03
Sudan,1980,1.42
Sudan,1985,1.93
Sudan,1990,2.4
Sudan,1995,2.78
Sudan,2000,3.09
Sudan,2005,3.31
Sudan,2010,3.49
Swaziland,1870,0.01
Swaziland,1875,0.01
Swaziland,1880,0.01
Swaziland,1885,0.01
Swaziland,1890,0.01
Swaziland,1895,0.01
Swaziland,1900,0.01
Swaziland,1905,0.01
Swaziland,1910,0.05
Swaziland,1915,0.11
Swaziland,1920,0.15
Swaziland,1925,0.36
Swaziland,1930,0.49
Swaziland,1935,0.62
Swaziland,1940,0.78
Swaziland,1945,0.96
Swaziland,1950,1.27
Swaziland,1955,1.55
Swaziland,1960,1.81
Swaziland,1965,2.16
Swaziland,1970,3
Swaziland,1975,3.96
Swaziland,1980,4.6
Swaziland,1985,5.26
Swaziland,1990,5.28
Swaziland,1995,5.2
Swaziland,2000,4.62
Swaziland,2005,4.64
Swaziland,2010,5.33
Sweden,1870,3.6
Sweden,1875,3.71
Sweden,1880,3.85
Sweden,1885,3.98
Sweden,1890,4.09
Sweden,1895,4.21
Sweden,1900,4.32
Sweden,1905,4.42
Sweden,1910,4.5
Sweden,1915,4.59
Sweden,1920,4.84
Sweden,1925,5.06
Sweden,1930,5.64
Sweden,1935,5.89
Sweden,1940,6.16
Sweden,1945,6.53
Sweden,1950,6.95
Sweden,1955,7.28
Sweden,1960,7.69
Sweden,1965,8.12
Sweden,1970,8.65
Sweden,1975,9.62
Sweden,1980,10.3
Sweden,1985,10.65
Sweden,1990,11.03
Sweden,1995,11.41
Sweden,2000,11.72
Sweden,2005,11.86
Sweden,2010,11.95
Switzerland,1870,4.09
Switzerland,1875,4.28
Switzerland,1880,4.47
Switzerland,1885,4.68
Switzerland,1890,4.91
Switzerland,1895,5.13
Switzerland,1900,5.31
Switzerland,1905,5.67
Switzerland,1910,6.05
Switzerland,1915,6.37
Switzerland,1920,7.11
Switzerland,1925,7.45
Switzerland,1930,7.72
Switzerland,1935,7.96
Switzerland,1940,8.21
Switzerland,1945,8.52
Switzerland,1950,8.97
Switzerland,1955,9.09
Switzerland,1960,9.16
Switzerland,1965,9.5
Switzerland,1970,9.9
Switzerland,1975,10.55
Switzerland,1980,11.32
Switzerland,1985,10.67
Switzerland,1990,10.54
Switzerland,1995,10.41
Switzerland,2000,10.14
Switzerland,2005,10.82
Switzerland,2010,12.92
Syria,1870,0.01
Syria,1875,0.01
Syria,1880,0.02
Syria,1885,0.02
Syria,1890,0.02
Syria,1895,0.03
Syria,1900,0.04
Syria,1905,0.11
Syria,1910,0.16
Syria,1915,0.21
Syria,1920,0.37
Syria,1925,0.43
Syria,1930,0.5
Syria,1935,0.6
Syria,1940,0.69
Syria,1945,0.8
Syria,1950,0.92
Syria,1955,1.05
Syria,1960,1.31
Syria,1965,1.63
Syria,1970,2.2
Syria,1975,2.89
Syria,1980,3.55
Syria,1985,4.26
Syria,1990,4.68
Syria,1995,4.77
Syria,2000,4.79
Syria,2005,6.12
Syria,2010,7.07
Taiwan,1870,0
Taiwan,1875,0
Taiwan,1880,0
Taiwan,1885,0
Taiwan,1890,0.01
Taiwan,1895,0.01
Taiwan,1900,0.02
Taiwan,1905,0.03
Taiwan,1910,0.07
Taiwan,1915,0.1
Taiwan,1920,0.53
Taiwan,1925,0.88
Taiwan,1930,1.34
Taiwan,1935,1.76
Taiwan,1940,2.12
Taiwan,1945,2.5
Taiwan,1950,3.16
Taiwan,1955,3.47
Taiwan,1960,3.76
Taiwan,1965,4.18
Taiwan,1970,5.1
Taiwan,1975,6.07
Taiwan,1980,7.1
Taiwan,1985,7.89
Taiwan,1990,8.68
Taiwan,1995,9.55
Taiwan,2000,10.38
Taiwan,2005,11.35
Taiwan,2010,11.96
Thailand,1870,0.01
Thailand,1875,0.01
Thailand,1880,0.01
Thailand,1885,0.01
Thailand,1890,0.02
Thailand,1895,0.03
Thailand,1900,0.04
Thailand,1905,0.2
Thailand,1910,0.34
Thailand,1915,0.46
Thailand,1920,0.51
Thailand,1925,0.6
Thailand,1930,0.73
Thailand,1935,0.99
Thailand,1940,1.25
Thailand,1945,1.67
Thailand,1950,2.16
Thailand,1955,2.44
Thailand,1960,2.68
Thailand,1965,2.39
Thailand,1970,2.74
Thailand,1975,3.24
Thailand,1980,3.9
Thailand,1985,4.45
Thailand,1990,5.21
Thailand,1995,5.79
Thailand,2000,6.09
Thailand,2005,7.46
Thailand,2010,8.47
Togo,1870,0.01
Togo,1875,0.01
Togo,1880,0.01
Togo,1885,0.02
Togo,1890,0.02
Togo,1895,0.03
Togo,1900,0.04
Togo,1905,0.05
Togo,1910,0.07
Togo,1915,0.1
Togo,1920,0.11
Togo,1925,0.12
Togo,1930,0.25
Togo,1935,0.27
Togo,1940,0.29
Togo,1945,0.32
Togo,1950,0.36
Togo,1955,0.43
Togo,1960,0.53
Togo,1965,0.65
Togo,1970,0.92
Togo,1975,1.93
Togo,1980,2.95
Togo,1985,3.65
Togo,1990,4.3
Togo,1995,4.62
Togo,2000,5.05
Togo,2005,5.44
Togo,2010,6.09
"Trinidad and Tobago",1870,0.5
"Trinidad and Tobago",1875,0.59
"Trinidad and Tobago",1880,0.69
"Trinidad and Tobago",1885,0.86
"Trinidad and Tobago",1890,1.05
"Trinidad and Tobago",1895,1.29
"Trinidad and Tobago",1900,1.66
"Trinidad and Tobago",1905,2
"Trinidad and Tobago",1910,2.41
"Trinidad and Tobago",1915,2.92
"Trinidad and Tobago",1920,3.28
"Trinidad and Tobago",1925,3.55
"Trinidad and Tobago",1930,3.93
"Trinidad and Tobago",1935,4.3
"Trinidad and Tobago",1940,4.61
"Trinidad and Tobago",1945,4.92
"Trinidad and Tobago",1950,5.16
"Trinidad and Tobago",1955,5.37
"Trinidad and Tobago",1960,5.73
"Trinidad and Tobago",1965,6.05
"Trinidad and Tobago",1970,6.51
"Trinidad and Tobago",1975,7.03
"Trinidad and Tobago",1980,7.57
"Trinidad and Tobago",1985,8.13
"Trinidad and Tobago",1990,8.71
"Trinidad and Tobago",1995,9.22
"Trinidad and Tobago",2000,9.72
"Trinidad and Tobago",2005,10.27
"Trinidad and Tobago",2010,10.96
Tunisia,1870,0.01
Tunisia,1875,0.01
Tunisia,1880,0.01
Tunisia,1885,0.01
Tunisia,1890,0.01
Tunisia,1895,0.01
Tunisia,1900,0.02
Tunisia,1905,0.02
Tunisia,1910,0.08
Tunisia,1915,0.13
Tunisia,1920,0.18
Tunisia,1925,0.2
Tunisia,1930,0.25
Tunisia,1935,0.42
Tunisia,1940,0.51
Tunisia,1945,0.59
Tunisia,1950,0.68
Tunisia,1955,0.82
Tunisia,1960,0.96
Tunisia,1965,1.37
Tunisia,1970,1.9
Tunisia,1975,2.63
Tunisia,1980,3.47
Tunisia,1985,3.93
Tunisia,1990,4.68
Tunisia,1995,5.48
Tunisia,2000,6.32
Tunisia,2005,7.21
Tunisia,2010,8
Turkey,1870,0.01
Turkey,1875,0.01
Turkey,1880,0.02
Turkey,1885,0.02
Turkey,1890,0.03
Turkey,1895,0.04
Turkey,1900,0.17
Turkey,1905,0.24
Turkey,1910,0.22
Turkey,1915,0.31
Turkey,1920,0.39
Turkey,1925,0.48
Turkey,1930,0.57
Turkey,1935,0.69
Turkey,1940,0.78
Turkey,1945,0.94
Turkey,1950,1.14
Turkey,1955,1.42
Turkey,1960,1.84
Turkey,1965,2.2
Turkey,1970,2.58
Turkey,1975,3.09
Turkey,1980,3.77
Turkey,1985,4.82
Turkey,1990,5.22
Turkey,1995,5.88
Turkey,2000,6.37
Turkey,2005,6.86
Turkey,2010,7.44
Uganda,1870,0.01
Uganda,1875,0.01
Uganda,1880,0.01
Uganda,1885,0.01
Uganda,1890,0.01
Uganda,1895,0.01
Uganda,1900,0.01
Uganda,1905,0.08
Uganda,1910,0.16
Uganda,1915,0.21
Uganda,1920,0.43
Uganda,1925,0.46
Uganda,1930,0.5
Uganda,1935,0.54
Uganda,1940,0.58
Uganda,1945,0.74
Uganda,1950,0.92
Uganda,1955,1.06
Uganda,1960,1.18
Uganda,1965,1.29
Uganda,1970,1.58
Uganda,1975,2
Uganda,1980,2.4
Uganda,1985,3.02
Uganda,1990,3.71
Uganda,1995,4.17
Uganda,2000,4.56
Uganda,2005,5.11
Uganda,2010,5.87
"United Kingdom",1870,0.92
"United Kingdom",1875,0.98
"United Kingdom",1880,1.15
"United Kingdom",1885,1.4
"United Kingdom",1890,1.81
"United Kingdom",1895,2.16
"United Kingdom",1900,2.55
"United Kingdom",1905,3.11
"United Kingdom",1910,3.64
"United Kingdom",1915,4.08
"United Kingdom",1920,4.49
"United Kingdom",1925,4.93
"United Kingdom",1930,5.42
"United Kingdom",1935,5.94
"United Kingdom",1940,6.24
"United Kingdom",1945,6.46
"United Kingdom",1950,6.49
"United Kingdom",1955,6.73
"United Kingdom",1960,7.01
"United Kingdom",1965,7.65
"United Kingdom",1970,8.06
"United Kingdom",1975,8.39
"United Kingdom",1980,8.52
"United Kingdom",1985,8.76
"United Kingdom",1990,9.28
"United Kingdom",1995,9.67
"United Kingdom",2000,9.97
"United Kingdom",2005,11.57
"United Kingdom",2010,12.46
"United States",1870,4.28
"United States",1875,4.6
"United States",1880,4.91
"United States",1885,5.18
"United States",1890,5.55
"United States",1895,5.93
"United States",1900,6.38
"United States",1905,6.72
"United States",1910,6.76
"United States",1915,6.97
"United States",1920,7.2
"United States",1925,7.56
"United States",1930,7.9
"United States",1935,8.34
"United States",1940,8.68
"United States",1945,8.93
"United States",1950,8.74
"United States",1955,9.14
"United States",1960,9.63
"United States",1965,10.42
"United States",1970,11.1
"United States",1975,11.73
"United States",1980,12.28
"United States",1985,12.35
"United States",1990,12.55
"United States",1995,12.83
"United States",2000,13.1
"United States",2005,13.01
"United States",2010,13.24
Uruguay,1870,0.34
Uruguay,1875,0.41
Uruguay,1880,0.51
Uruguay,1885,0.62
Uruguay,1890,0.75
Uruguay,1895,0.85
Uruguay,1900,0.94
Uruguay,1905,1.03
Uruguay,1910,1.44
Uruguay,1915,1.85
Uruguay,1920,2.16
Uruguay,1925,2.84
Uruguay,1930,3.11
Uruguay,1935,3.38
Uruguay,1940,3.72
Uruguay,1945,4.06
Uruguay,1950,4.47
Uruguay,1955,4.77
Uruguay,1960,5.06
Uruguay,1965,5.43
Uruguay,1970,5.94
Uruguay,1975,6.45
Uruguay,1980,6.94
Uruguay,1985,7.4
Uruguay,1990,7.71
Uruguay,1995,8.08
Uruguay,2000,8.36
Uruguay,2005,8.5
Uruguay,2010,8.61
Venezuela,1870,0.02
Venezuela,1875,0.02
Venezuela,1880,0.02
Venezuela,1885,0.03
Venezuela,1890,0.04
Venezuela,1895,0.05
Venezuela,1900,0.44
Venezuela,1905,0.57
Venezuela,1910,0.63
Venezuela,1915,0.74
Venezuela,1920,0.84
Venezuela,1925,0.93
Venezuela,1930,0.98
Venezuela,1935,1.15
Venezuela,1940,1.32
Venezuela,1945,1.59
Venezuela,1950,1.65
Venezuela,1955,2.01
Venezuela,1960,2.44
Venezuela,1965,2.75
Venezuela,1970,3.49
Venezuela,1975,4.51
Venezuela,1980,5.47
Venezuela,1985,5.33
Venezuela,1990,5.26
Venezuela,1995,6.11
Venezuela,2000,7.01
Venezuela,2005,7.8
Venezuela,2010,8.78
Yemen,1870,0.01
Yemen,1875,0.01
Yemen,1880,0.01
Yemen,1885,0.01
Yemen,1890,0.01
Yemen,1895,0.01
Yemen,1900,0.01
Yemen,1905,0.01
Yemen,1910,0.01
Yemen,1915,0.01
Yemen,1920,0.01
Yemen,1925,0.01
Yemen,1930,0.02
Yemen,1935,0.02
Yemen,1940,0.02
Yemen,1945,0.02
Yemen,1950,0.03
Yemen,1955,0.03
Yemen,1960,0.04
Yemen,1965,0.06
Yemen,1970,0.07
Yemen,1975,0.08
Yemen,1980,0.25
Yemen,1985,0.64
Yemen,1990,1.25
Yemen,1995,1.77
Yemen,2000,2.45
Yemen,2005,3.12
Yemen,2010,3.84
Zambia,1870,0.01
Zambia,1875,0.01
Zambia,1880,0.01
Zambia,1885,0.01
Zambia,1890,0.01
Zambia,1895,0.01
Zambia,1900,0.01
Zambia,1905,0.01
Zambia,1910,0.16
Zambia,1915,0.29
Zambia,1920,0.39
Zambia,1925,0.48
Zambia,1930,0.97
Zambia,1935,1.14
Zambia,1940,1.32
Zambia,1945,1.56
Zambia,1950,1.84
Zambia,1955,2.03
Zambia,1960,2.36
Zambia,1965,2.68
Zambia,1970,3.12
Zambia,1975,3.81
Zambia,1980,4.36
Zambia,1985,4.77
Zambia,1990,5.02
Zambia,1995,6.03
Zambia,2000,6.35
Zambia,2005,6.59
Zambia,2010,7.4
Zimbabwe,1870,0.01
Zimbabwe,1875,0.01
Zimbabwe,1880,0.01
Zimbabwe,1885,0.01
Zimbabwe,1890,0.01
Zimbabwe,1895,0.01
Zimbabwe,1900,0.01
Zimbabwe,1905,0.02
Zimbabwe,1910,0.06
Zimbabwe,1915,0.12
Zimbabwe,1920,0.2
Zimbabwe,1925,0.33
Zimbabwe,1930,0.53
Zimbabwe,1935,0.9
Zimbabwe,1940,1.16
Zimbabwe,1945,1.28
Zimbabwe,1950,1.66
Zimbabwe,1955,1.99
Zimbabwe,1960,2.38
Zimbabwe,1965,2.68
Zimbabwe,1970,3.22
Zimbabwe,1975,3.54
Zimbabwe,1980,4.03
Zimbabwe,1985,4.84
Zimbabwe,1990,5.97
Zimbabwe,1995,6.85
Zimbabwe,2000,7.26
Zimbabwe,2005,7.65
Zimbabwe,2010,7.86
